nombre,lastName,username,password,userStatus,userType,book
Audie,Saiens,asaiens0,aS4H}?G,active,admin,none
Carlos,Weiser,cweiser0,pP4C>7,active,client,none
Abra,Girardengo,agirardengo1,pS1Oe|)I$B,active,client,none
Sara-ann,Sherlock,ssherlock2,gC9osA4WkZ4%,active,client,none
Petronia,Summerley,psummerley3,tI6Od1KjT?,active,client,none
Dominica,Harbottle,dharbottle4,dF55gC`>J,active,client,none
Gregoire,Baigent,gbaigent5,gZ4G6\Gy,active,client,none
Booth,Berzons,bberzons6,tF6XU',active,client,none
Mitchell,McAllester,mmcallester7,cI8gN?@w,active,client,none
Belva,Comsty,bcomsty8,jV9Df|3ANJC,active,client,none
Laverna,Yurchenko,lyurchenko9,lP96ZJ,active,client,none
Akim,Burling,aburlinga,lY6S/oZ0V,active,client,none
Cathie,Klemensiewicz,cklemensiewiczb,tC39xL&,active,client,none
Bettye,Raeside,braesidec,mY6Gg~N,active,client,none
Floria,Bice,fbiced,vX0vozCl,active,client,none
Heath,Cornew,hcornewe,"pX7%g`7R""(Ve",active,client,none
Yolane,Kerrigan,ykerriganf,rF2ge!R82,active,client,none
Gizela,Hayden,ghaydeng,xC3dyt,active,client,none
Willis,Mount,wmounth,"rP4%$n""oQg#a",active,client,none
Darda,Yanyshev,dyanyshevi,vN6RLHk)6,active,client,none
Karleen,Luc,klucj,oJ1yaQl,active,client,none
Mattie,Laurentin,mlaurentink,"jJ0a""rL?+y",active,client,none
Arluene,Shimon,ashimonl,tN1QP`j,active,client,none
Lurleen,Kenvin,lkenvinm,mT4shVR,active,client,none
Madelaine,Reside,mresiden,qU234y)T,active,client,none
Clyde,Mathers,cmatherso,tQ4rxLH,active,client,none
Sheri,Nodin,snodinp,jV5QMc,active,client,none
Kania,Shillabeare,kshillabeareq,eK3/`',active,client,none
Lenard,McOmish,lmcomishr,pF65DqrS>,active,client,none
Flory,Prattington,fprattingtons,sT3yWMM/7},active,client,none
Harriett,Cavy,hcavyt,kZ2TJ`CU`C*,active,client,none
Ruth,Praundlin,rpraundlinu,cO53f3L,active,client,none
Delmore,Borres,dborresv,yE3|z9,active,client,none
Gwendolyn,Langlais,glanglaisw,oP1v<&pG,active,client,none
Priscilla,Gall,pgallx,fS51hSKc>1,active,client,none
Obidiah,Forst,oforsty,hS3h2?A`#x,active,client,none
Jan,Greves,jgrevesz,kZ4yLO>4y=I,active,client,none
Eduino,Blogg,eblogg10,uX7QpgmdJE!,active,client,none
Kassi,Poupard,kpoupard11,rN01Jk%j0w,active,client,none
Sorcha,Sleep,ssleep12,mX367e+5v|B?,active,client,none
Izaak,Sarah,isarah13,gO8#5g!,active,client,none
Remus,Given,rgiven14,uA4FM|L(Y!,active,client,none
Sarge,Moreno,smoreno15,dX9Ha2v(,active,client,none
Jacinthe,Dahlgren,jdahlgren16,tB7*OJVN~.,active,client,none
Tomasina,Haruard,tharuard17,zV7L8*+r%l'},active,client,none
Jacinta,McJerrow,jmcjerrow18,sJ6N'{I,active,client,none
Waverly,Errington,werrington19,eC9.J@,active,client,none
Charmaine,Tallet,ctallet1a,oF1)~W5g,active,client,none
Opalina,Martyn,omartyn1b,"sP075Hn_""",active,client,none
Delila,Cabble,dcabble1c,yM3925Zw7\,active,client,none
Jasmin,Peetermann,jpeetermann1d,aD59#0*.lTC,active,client,none
Matt,Pyle,mpyle1e,hX7u5{,active,client,none
Hildegaard,Gwilliams,hgwilliams1f,jR0?v$iTZ~,active,client,none
Roze,Hourstan,rhourstan1g,pU0JDbo`Ti,active,client,none
Vanni,Winram,vwinram1h,nK1>1w,active,client,none
Hillyer,Tolemache,htolemache1i,gF0dj8,active,client,none
Aline,Capini,acapini1j,"vD8(4MA""**",active,client,none
Josi,Aven,javen1k,pU2jOPh4i_,active,client,none
Dorothea,Atterbury,datterbury1l,cV0V)nGm#,active,client,none
Wyatan,O' Ronan,woronan1m,kN00*z,active,client,none
Scotti,Coxall,scoxall1n,kY8w9mt?sOd,active,client,none
Biron,Ruppertz,bruppertz1o,sV42/R,active,client,none
Curcio,Putley,cputley1p,nL2.v>#lPtp,active,client,none
Cybil,Burgwin,cburgwin1q,rK8}CI),active,client,none
Ashli,Lucien,alucien1r,vF1SCLQD,active,client,none
Linn,Longson,llongson1s,vH02B!D28vh,active,client,none
Melinde,Mammatt,mmammatt1t,kY9>`(gWD,active,client,none
Pattie,Kingshott,pkingshott1u,"eL8""x|4x+{h",active,client,none
Orion,Brecon,obrecon1v,hN2D?@!D'_,active,client,none
Mallissa,Bugdall,mbugdall1w,cW6Us|AmMk,active,client,none
Willamina,Leverette,wleverette1x,vU9(uh,active,client,none
Lowrance,Culkin,lculkin1y,mS2cSJJ&B/v,active,client,none
Sharleen,Cranfield,scranfield1z,oN5vn(YgR$F,active,client,none
Ethel,Silveston,esilveston20,aK4(lD,active,client,none
Arabel,Passler,apassler21,"pY0""rv",active,client,none
Vivianne,Mosby,vmosby22,yL64hxo9Z=),active,client,none
Mattheus,Mimmack,mmimmack23,mO86(lqyOby4,active,client,none
Sonnie,Piddick,spiddick24,nD4iO#/7~,active,client,none
Adrian,Tippler,atippler25,nA3a$z,active,client,none
Sophi,Mathevon,smathevon26,eD7Zhd$,active,client,none
Byram,Bygott,bbygott27,xT3oNeK!vY!,active,client,none
Fraser,Van der Merwe,fvandermerwe28,cE1cP{zX&,active,client,none
Winny,Derle,wderle29,zL5V)D9kH,active,client,none
Arturo,Djurisic,adjurisic2a,aL4b+CQ0u,active,client,none
Etty,Pietrzyk,epietrzyk2b,rK5Vn@,active,client,none
Mada,Seely,mseely2c,dT9n/N,active,client,none
Raphaela,Riddles,rriddles2d,fC2v!qs),active,client,none
Netty,Schrir,nschrir2e,uW8.S}.Gr,active,client,none
Anderea,Sandercock,asandercock2f,jO2QB`!xj,active,client,none
Pia,Pywell,ppywell2g,rJ1FPl$m!a,active,client,none
Chauncey,Wem,cwem2h,iN5M_b/R@Q/,active,client,none
Helsa,Marval,hmarval2i,dJ8'4=?eH,active,client,none
Maisey,Vear,mvear2j,vB2y6rDz7J,active,client,none
Shayne,Dunckley,sdunckley2k,eF8Je},active,client,none
Cassandre,Everton,ceverton2l,eJ09UL&`en`+,active,client,none
Marchall,Amis,mamis2m,xJ9&.TyC,active,client,none
Minor,Dacca,mdacca2n,dM1NaC}zw,active,client,none
Matelda,Fawdrey,mfawdrey2o,qC21Ul,active,client,none
Stacee,Varian,svarian2p,vB1k9*,active,client,none
Frannie,Veschambre,fveschambre2q,qI3%Kf_~%,active,client,none
Alford,Jaycocks,ajaycocks2r,iO9uX\6d5r7,active,client,none
Nate,Flobert,nflobert2s,wT9zn|pd}G,active,client,none
Matthus,Yegorkin,myegorkin2t,bP5Ck>,active,client,none
Clarke,Bonass,cbonass2u,oF3rF~#,active,client,none
Noel,Burberow,nburberow2v,hH0!'vlPgd_,active,client,none
Abbye,Scocroft,ascocroft2w,gK5dbn*&,active,client,none
Wallas,Trineman,wtrineman2x,bR1}WD3a3y,active,client,none
Amabel,Cayley,acayley2y,qV2&qJ,active,client,none
Gertrude,Hildrew,ghildrew2z,"gQ0aMU}""",active,client,none
Sigfried,Paolicchi,spaolicchi30,oN5o_h2+%sJ=,active,client,none
Jordanna,Asbury,jasbury31,uZ9N>dU$M,active,client,none
Kettie,Abson,kabson32,"yM16Gfl""~",active,client,none
Federica,Whates,fwhates33,wO3)c~g?OK,active,client,none
Kissiah,Cammis,kcammis34,mL5(7r%uS@,active,client,none
Booth,Greenside,bgreenside35,cO2f&i@2,active,client,none
Lorraine,Semrad,lsemrad36,tS7?mF%es,active,client,none
Gordon,MacFaell,gmacfaell37,nN9Ft}z+5rf,active,client,none
Arabelle,Bispham,abispham38,"mH6T""+9Z5",active,client,none
Vito,Noice,vnoice39,aO4_lVfd(.,active,client,none
Letitia,Telford,ltelford3a,iB1jam.2,active,client,none
Valina,Chell,vchell3b,uY6?U2B,active,client,none
Abbye,Pressey,apressey3c,hD9#3Q,active,client,none
Anny,Dahler,adahler3d,eX2/JJ{GE,active,client,none
Herve,Corkett,hcorkett3e,nB3sQE,active,client,none
Adolf,Durrant,adurrant3f,yW8y`bL$,active,client,none
Brianne,Croisdall,bcroisdall3g,iD5w1N3N1,active,client,none
Kylen,Mackin,kmackin3h,sD7>FU~8*F,active,client,none
Hedi,Hegdonne,hhegdonne3i,iU18s,active,client,none
Eliza,Welbrock,ewelbrock3j,tM3@54jk,active,client,none
Tadio,Sleeford,tsleeford3k,nE9Z._CVAg#h,active,client,none
Gian,Flatley,gflatley3l,nM2cH9,active,client,none
Evin,Jarville,ejarville3m,hF7yif'RKqVd,active,client,none
Nilson,Lindwall,nlindwall3n,wR40h#Y,active,client,none
Kania,Melonby,kmelonby3o,aG7|$N7o,active,client,none
Hazel,Benardet,hbenardet3p,vV8}lTYbI/,active,client,none
Rosalinda,Dionis,rdionis3q,sS8.N#KM4,active,client,none
Felike,Lowde,flowde3r,uR9#@8XUdY,active,client,none
Alvina,Hebborne,ahebborne3s,cF6m!i&C,active,client,none
Chloris,Belli,cbelli3t,bP4&Y!Zoz{@,active,client,none
Padriac,Chalfain,pchalfain3u,bH2N+JqGdp#,active,client,none
Dorisa,Bloyes,dbloyes3v,wX1_fg`O,active,client,none
Avram,Whymark,awhymark3w,tN5wkp,active,client,none
Frannie,Pitceathly,fpitceathly3x,iC3Z($D,active,client,none
Randall,Bautiste,rbautiste3y,yO6#vV=5cc,active,client,none
Layney,Fanthome,lfanthome3z,vB2J?b6XB,active,client,none
Felice,Hagstone,fhagstone40,gO1'=K@V6IIR,active,client,none
Fulvia,Gilding,fgilding41,lT3dD`24o*,active,client,none
Gabby,Littell,glittell42,dL8ahb,active,client,none
Caye,Farry,cfarry43,oV7{q>g,active,client,none
Priscilla,Navarijo,pnavarijo44,jJ3`\3x4a90,active,client,none
Anabel,Pedreschi,apedreschi45,dD4mlRkkyc,active,client,none
Bambi,Covelle,bcovelle46,lE2svY,active,client,none
Roseline,Mannering,rmannering47,"oT4'""M.lc9",active,client,none
Jolyn,Corkill,jcorkill48,uR8V@w,active,client,none
Gordy,Godier,ggodier49,yT6{3Qa,active,client,none
Filide,Fosserd,ffosserd4a,pO72)0KUt,active,client,none
Tamra,Halfhyde,thalfhyde4b,uC7nIpnl+6,active,client,none
Karoline,Angell,kangell4c,fQ7SMi=z'M(n,active,client,none
Ram,Catenot,rcatenot4d,qU0wI<vb.I,active,client,none
Rochette,Reidie,rreidie4e,eJ7{va?x,active,client,none
Rolfe,Harrad,rharrad4f,oO78SwIILgw,active,client,none
Gerladina,Kahler,gkahler4g,yL03I`DAfF`,active,client,none
Korella,Haylor,khaylor4h,jH6uZ%8Lv#z,active,client,none
Sherwood,Carvell,scarvell4i,bA9)P.%$,active,client,none
Benita,Roskams,broskams4j,"zT7""<#{""+f*",active,client,none
Pascale,Sedworth,psedworth4k,gN9P/('l(J,active,client,none
Kassia,Bullers,kbullers4l,jZ45`|!upP?,active,client,none
Winny,Basso,wbasso4m,zY4i5\T`,active,client,none
Cy,Barley,cbarley4n,yC5j0W<6,active,client,none
Lorinda,Fagge,lfagge4o,tA8KJNJ9Gr,active,client,none
Emmerich,Ould,eould4p,"hM4%xN"")M~n",active,client,none
Olivero,Kunzelmann,okunzelmann4q,uB1If}u_8Q,active,client,none
Matelda,Gilli,mgilli4r,gI7VM10QO>q,active,client,none
Marilin,Staner,mstaner4s,iU1F7d<,active,client,none
Mariquilla,Laugherane,mlaugherane4t,bL9TpMQ6xJ,active,client,none
Jermaine,Shawel,jshawel4u,pR4HNp,active,client,none
Harriot,Geill,hgeill4v,nE4}AZ<>8U,active,client,none
Violet,Spriggin,vspriggin4w,aJ2IXTGU9>,active,client,none
Urban,Nutty,unutty4x,rG5~S**L,active,client,none
Devonna,Stanlock,dstanlock4y,xI81Ete{,active,client,none
Cal,Persitt,cpersitt4z,qD8alui>kajE,active,client,none
Regine,Kester,rkester50,iS8No7fua2Ak,active,client,none
Leigh,Rubinovici,lrubinovici51,wD53Duxv,active,client,none
Carny,Tokell,ctokell52,bS2NjG}jm{,active,client,none
Rich,Scutching,rscutching53,aM4/xJSXX,active,client,none
Phil,Murfett,pmurfett54,zS7TLRS}<bh,active,client,none
Colan,Moses,cmoses55,mE41Zwly,active,client,none
Hobard,Sighard,hsighard56,fH5cptQM&P,active,client,none
Lindon,Lyddon,llyddon57,qA5Zs%qL,active,client,none
Orelia,Dellenbrok,odellenbrok58,dL0UKddCU,active,client,none
Dinah,Portchmouth,dportchmouth59,lA0n=PM6ZXS,active,client,none
Concordia,Trulock,ctrulock5a,mB99t.Xr,active,client,none
Wilden,Fuentes,wfuentes5b,lB5q|?U>?,active,client,none
Goober,Phippen,gphippen5c,dA8nA'V=,active,client,none
Angelina,Toderini,atoderini5d,"pV4H~"")""!1",active,client,none
Teodorico,Feore,tfeore5e,yD5YDT`H}f/c,active,client,none
Junia,Kairns,jkairns5f,fN9c6S,active,client,none
Lavena,Spary,lspary5g,pL3x(tvPzQ},active,client,none
Shelly,Handrick,shandrick5h,qT92*!`v6>,active,client,none
Shirleen,Wornham,swornham5i,kY18>vD1lP,active,client,none
Huntley,Doorbar,hdoorbar5j,"sC9=oPL""Cw",active,client,none
Ginger,Dawton,gdawton0,lE54ucmQI?)/,active,employee,none
Ervin,Lye,elye1,rP1aelfPUx,active,employee,none
Graig,Boothebie,gboothebie2,wN5M9ZmXz$b,active,employee,none
Tiphany,Brawn,tbrawn3,iJ5|SBl,active,employee,none
Kiel,Clipsham,kclipsham4,"rM9xQ""pOv'6k",active,employee,none
Othello,Ludmann,oludmann5,jR2fAr,active,employee,none
Ceil,Barrett,cbarrett6,sR9XqMPYa6,active,employee,none
Giuditta,Langmaid,glangmaid7,oZ1mhA~,active,employee,none
Garrard,Southam,gsoutham8,tF4M}y,active,employee,none
Rosamond,Dackombe,rdackombe9,fX7<'@,active,employee,none
Eugenio,Goard,egoarda,"eG0$>5/2P`""",active,employee,none
Ginni,Luckwell,gluckwellb,zK2t%!}3IDq,active,employee,none
Michaela,Levitt,mlevittc,tO5w7AZpd,active,employee,none
Dore,Gillie,dgillied,gG5/_G5an$!,active,employee,none
Lisa,Dockrey,ldockreye,"dI4""y$Q_|8""R",active,employee,none
Helga,Deppen,hdeppenf,dT3VjJfT,active,employee,none
Florentia,Cawsby,fcawsbyg,oO1}Bv,active,employee,none
Lou,Danigel,ldanigelh,iC9B8V3zX<,active,employee,none
Thaddus,Otson,totsoni,"fC3_A""KW""@)X",active,employee,none
Sioux,Haslegrave,shaslegravej,zX05kdx5D!nB,active,employee,none
Leopold,Muldrew,lmuldrewk,jC7dVNK,active,employee,none
Ruprecht,Stygall,rstygalll,eY1vkqSa_,active,employee,none
Carin,De Lacey,cdelaceym,aD0xLYK,active,employee,none
Devondra,Van T'Hoog,dvanthoogn,yK5w/I8/W,active,employee,none
Leticia,Witch,lwitcho,rT06f3oJEEK,active,employee,none
Rorke,Fairbrother,rfairbrotherp,pB5JCZ0j7,active,employee,none
Violetta,Le Leu,vleleuq,cX0f40,active,employee,none
Lyndsey,Grassett,lgrassettr,gE3E*Vf)q|!,active,employee,none
Sissie,Whiles,swhiless,jR4(KA,active,employee,none
Geraldine,Crasford,gcrasfordt,lJ6v+a,active,employee,none
Garreth,Davidoff,gdavidoffu,rM5b<OUy&5i9,active,employee,none
Bartlet,Haugeh,bhaugehv,nV2(zB8,active,employee,none
Viole,Iskov,viskovw,yT0FU_Qs_wQ,active,employee,none
Averil,Ledgley,aledgleyx,nZ4WbGs{ZMD,active,employee,none
Geneva,Osgordby,gosgordbyy,jD6}HTV9|,active,employee,none
Sallee,Eisold,seisoldz,dH5x>*#6,active,employee,none
Daffi,Worster,dworster10,dM7J2RWSZ,active,employee,none
Ianthe,Fontenot,ifontenot11,sJ2QHXD=d,active,employee,none
Isidora,Brotherhead,ibrotherhead12,uS8Ypk,active,employee,none
Berry,Elby,belby13,eL9&b+1~!B,active,employee,none
Domenico,Fiddler,dfiddler14,kB3oqii5q2,active,employee,none
Gracia,Janodet,gjanodet15,"nF0*\.Qk""bW",active,employee,none
Nance,Avey,navey16,iL3Q51$,active,employee,none
Kerrie,Hadingham,khadingham17,sF1<V\1#1Xb,active,employee,none
Gaye,Flippini,gflippini18,lM0B{',active,employee,none
Giulio,Cadogan,gcadogan19,rU5b0\Rh,active,employee,none
Emiline,Featherstonhaugh,efeatherstonhaugh1a,yB6ioGxO,active,employee,none
Maximilien,McIlvoray,mmcilvoray1b,"fB6""LZ%xNO)/",active,employee,none
Bree,Callery,bcallery1c,bK6WL,active,employee,none
Earl,Willishire,ewillishire1d,gY2|d<,active,employee,none